,Sampling1,Sampling2,Sampling3,Sampling4,Sampling5
M1 (Logistic Regression),85.18518518518519,88.88888888888889,96.29629629629629,81.48148148148148,88.88888888888889
M2 (Decision Tree),88.88888888888889,96.29629629629629,92.5925925925926,74.07407407407408,92.5925925925926
M3 (Random Forest),96.29629629629629,100.0,100.0,88.88888888888889,96.29629629629629
M4 (SVM),96.29629629629629,96.29629629629629,100.0,88.88888888888889,88.88888888888889
M5 (Naive Bayes),62.96296296296296,81.48148148148148,77.77777777777779,81.48148148148148,81.48148148148148
